{
  "project_info": {
    "project_number": "980115327340",
    "firebase_url": "https://fir-vyaan.firebaseio.com",
    "project_id": "firebase-vyaan"
  },
  "client": [
    {
      "client_info": {
        "mobilesdk_app_id": "1:980115327340:android:f7dd07d7f646b96d",
        "android_client_info": {
          "package_name": "com.app.xervepure"
        }
      },
      "oauth_client": [
        {
          "client_id": "980115327340-dl83elcbk1mmvldck48ff9ahhkhueqmq.apps.googleusercontent.com",
          "client_type": 3
        },
        {
          "client_id": "980115327340-klu9c4ujmm7sh7js8vrfkecnp5idmqat.apps.googleusercontent.com",
          "client_type": 1,
          "android_info": {
            "package_name": "com.neon.vyaan",
            "certificate_hash": "c91c6198c4c7e57214e93d19b8eadd974805c77d"
          }
        },
        {
          "client_id": "980115327340-vd1ca1v6f37ual3mdonq7unu6kcibdbj.apps.googleusercontent.com",
          "client_type": 3
        },
        {
          "client_id": "980115327340-nund0qhb1qp1clvavc9mle36c98i1rao.apps.googleusercontent.com",
          "client_type": 1,
          "android_info": {
            "package_name": "com.neon.vyaan",
            "certificate_hash": "b9e9408fa3a55da324cc10582a996d7f74f551ab"
          }
        }
      ],
      "api_key": [
        {
          "current_key": "AIzaSyCIETMtzxTtbmSx8ftfJPOIRD1vM-g1v0g"
        }
      ],
      "services": {
        "analytics_service": {
          "status": 1
        },
        "appinvite_service": {
          "status": 2,
          "other_platform_oauth_client": [
            {
              "client_id": "980115327340-dl83elcbk1mmvldck48ff9ahhkhueqmq.apps.googleusercontent.com",
              "client_type": 3
            },
            {
              "client_id": "980115327340-87m16cc1c3s8ph6ojck6dabej1o6oe7f.apps.googleusercontent.com",
              "client_type": 2,
              "ios_info": {
                "bundle_id": "com.neon.Vyaan"
              }
            }
          ]
        },
        "ads_service": {
          "status": 2
        }
      }
    }
  ],
  "configuration_version": "1"
}